benchmark,model,family,accuracy,precision,recall,f1,auroc,auprc,brier,precision_at_k,recall_at_k
Elliptic_transaction_node,Extra Trees,tabular_ml,0.9738717339667459,0.9234449760765551,0.4730392156862745,0.6256077795786061,0.8694701080954141,0.5698956987932415,0.02874524194667172,0.4582392776523702,0.49754901960784315
Elliptic2_subgraph_external,Elliptic2_RandomForest,subgraph_background_feature_external,0.9818848511383538,0.9285714285714286,0.21927710843373494,0.35477582846003897,0.9226059639802419,0.49404232321751523,0.015623037891063271,0.2702407002188184,0.5951807228915663
