index,node_idx,label,time_step,in_degree,out_degree,total_degree
count,203769.0,203769.0,203769.0,203769.0,203769.0,203769.0
mean,101884.0,-0.7491816714024214,23.843960563186744,1.1501013402431184,1.1501013402431184,2.3002026804862368
std,58823.18783864064,0.48220221149669845,15.172170045043554,3.911131608045434,1.8947397376478943,4.328376776405036
min,0.0,-1.0,1.0,0.0,0.0,1.0
25%,50942.0,-1.0,9.0,0.0,1.0,1.0
50%,101884.0,-1.0,23.0,1.0,1.0,2.0
75%,152826.0,-1.0,38.0,1.0,1.0,2.0
max,203768.0,1.0,49.0,284.0,472.0,473.0
