label,label_name,count,share
-1,unknown,157205,0.7714863399241297
0,licit,42019,0.2062089915541618
1,illicit,4545,0.022304668521708405
